,toxicity_score,category_encoded,health_impact_encoded,allergen_risk_encoded,risk_level_encoded,toxicity_level,high_toxicity_flag,toxicity_score_squared,toxicity_score_normalized
20,-0.1382662170269022,-1.7615369227648265,1.3675797151326872,2.254885150568321,-0.650508726166023,-0.47140452079103173,-0.5773502691896258,-0.4691628793395625,-0.13826621702690214
27,-0.5959750733918199,-0.36230192028496433,1.3675797151326872,0.35603449745815596,0.6924770310799598,-1.4142135623730951,-0.5773502691896258,-0.7433388619530534,-0.5959750733918197
19,0.014303401761403677,-1.1618647788448855,-0.1414737636344159,0.35603449745815596,-0.650508726166023,-0.47140452079103173,-0.5773502691896258,-0.34453743269706666,0.01430340176140388
8,1.0822907332795448,0.23737022363497662,0.36154406262128513,0.35603449745815596,-1.3220016047890144,1.4142135623730951,1.7320508075688774,0.9931090279323889,1.082290733279545
32,-1.2062535485450434,0.03747950899499631,-1.147509416145818,0.35603449745815596,1.3639699097029512,-0.47140452079103173,-0.5773502691896258,-0.876272671705049,-1.2062535485450432
12,0.4720122581263213,0.8370423675549176,0.36154406262128513,-3.4416668087621747,0.020984152456968483,0.47140452079103173,-0.5773502691896258,0.12903926454441758,0.4720122581263216
23,-0.443405454603514,1.0369330821948979,1.3675797151326872,0.35603449745815596,-0.650508726166023,-0.47140452079103173,-0.5773502691896258,-0.6685635939675559,-0.4434054546035138
11,0.6245818769146272,0.23737022363497662,0.36154406262128513,0.35603449745815596,0.020984152456968483,0.47140452079103173,-0.5773502691896258,0.32013161606291124,0.6245818769146273
